,index,freq,total,organism,time,hamster,dummy,dose,total_log10
0,Endothelial cells,0.242570281124498,2789558.232931727,Goldhamster,D0,1,Goldhamster_D0,,6.445535431879007
1,T cells,0.11887550200803212,1367068.2730923693,Goldhamster,D0,1,Goldhamster_D0,,6.135790204316814
2,Bcells,0.09317269076305221,1071485.9437751004,Goldhamster,D0,1,Goldhamster_D0,,6.029986478148775
3,MonocyticMacrophages,0.0927710843373494,1066867.469879518,Goldhamster,D0,1,Goldhamster_D0,,6.0281104731500195
4,AT2,0.08714859437751005,1002208.8353413655,Goldhamster,D0,1,Goldhamster_D0,,6.000958227106405
5,AlveolarMacrophages,0.08634538152610442,992971.8875502009,Goldhamster,D0,1,Goldhamster_D0,,5.99693695317348
6,Neutrophils,0.07710843373493977,886746.9879518073,Goldhamster,D0,1,Goldhamster_D0,,5.947799721961425
7,Myofibroblast,0.04497991967871486,517269.0763052209,Goldhamster,D0,1,Goldhamster_D0,,5.713716515928057
8,AT1,0.040562248995983936,466465.8634538153,Goldhamster,D0,1,Goldhamster_D0,,5.668819867040518
9,Treml4+Macrophages,0.030522088353413655,351004.016064257,Goldhamster,D0,1,Goldhamster_D0,,5.545312085538667
10,SmoothMuscle,0.01967871485943775,226305.22088353412,Goldhamster,D0,1,Goldhamster_D0,,5.354694573286389
11,InterstitialMacrophages,0.017670682730923693,203212.85140562247,Goldhamster,D0,1,Goldhamster_D0,,5.3079511697440624
12,NK cells,0.015261044176706828,175502.0080321285,Goldhamster,D0,1,Goldhamster_D0,,5.244282089874686
13,Platelets,0.012449799196787148,143172.6907630522,Goldhamster,D0,1,Goldhamster_D0,,5.155860187092148
14,ILC2,0.010040160642570281,115461.84738955823,Goldhamster,D0,1,Goldhamster_D0,,5.062438501929913
15,cDC,0.007630522088353414,87751.00401606425,Goldhamster,D0,1,Goldhamster_D0,,4.943252094210704
16,Erythrocytes,0.001606425702811245,18473.895582329318,Goldhamster,D0,1,Goldhamster_D0,,4.266558484585838
17,Ciliated,0.00040160642570281126,4618.4738955823295,Goldhamster,D0,1,Goldhamster_D0,,3.6644984932578755
18,Mast cells,0.00040160642570281126,4618.4738955823295,Goldhamster,D0,1,Goldhamster_D0,,3.6644984932578755
19,Plasma cells,0.00040160642570281126,4618.4738955823295,Goldhamster,D0,1,Goldhamster_D0,,3.6644984932578755
20,Fibroblasts,0.00040160642570281126,4618.4738955823295,Goldhamster,D0,1,Goldhamster_D0,,3.6644984932578755
21,Endothelial cells,0.24708974840405556,3039203.9053698834,Goldhamster,D0,2,Goldhamster_D0,,6.482759838614412
22,MonocyticMacrophages,0.12392039053698836,1524220.803604957,Goldhamster,D0,2,Goldhamster_D0,,6.183047884878344
23,T cells,0.11978971085242208,1473413.4434847916,Goldhamster,D0,2,Goldhamster_D0,,6.168324628057638
24,Neutrophils,0.09237701840030041,1136237.326323695,Goldhamster,D0,2,Goldhamster_D0,,6.0554690521038355
25,Bcells,0.09049943672549755,1113143.07172362,Goldhamster,D0,2,Goldhamster_D0,,6.046550987575325
26,AlveolarMacrophages,0.07848291400675929,965339.8422831392,Goldhamster,D0,2,Goldhamster_D0,,5.98468023111151
27,AT2,0.07059707097258731,868343.9729628239,Goldhamster,D0,2,Goldhamster_D0,,5.938691794264137
28,Treml4+Macrophages,0.03867818250093879,475741.6447615471,Goldhamster,D0,2,Goldhamster_D0,,5.677371169705629
29,AT1,0.03454750281637251,424934.2846413819,Goldhamster,D0,2,Goldhamster_D0,,5.628321772346012
30,Myofibroblast,0.02853924145700338,351032.6699211416,Goldhamster,D0,2,Goldhamster_D0,,5.545347537281248
31,InterstitialMacrophages,0.019902365752910253,244799.09876079613,Goldhamster,D0,2,Goldhamster_D0,,5.388809814601246
32,SmoothMuscle,0.017273751408186256,212467.14232069094,Goldhamster,D0,2,Goldhamster_D0,,5.3272917766820305
33,Platelets,0.010514457378895982,129327.82576042057,Goldhamster,D0,2,Goldhamster_D0,,5.111691976342676
34,ILC2,0.008636875704093128,106233.57116034547,Goldhamster,D0,2,Goldhamster_D0,,5.026261781018049
35,NK cells,0.007885843034171986,96995.86932031544,Goldhamster,D0,2,Goldhamster_D0,,4.986753239734376
36,cDC,0.006383777694329703,78520.46564025535,Goldhamster,D0,2,Goldhamster_D0,,4.89498286637873
37,Erythrocytes,0.0015020653398422831,18475.403680060084,Goldhamster,D0,2,Goldhamster_D0,,4.2665939363284195
38,Plasma cells,0.0011265490048817123,13856.552760045062,Goldhamster,D0,2,Goldhamster_D0,,4.141655199720119
39,pDC,0.0011265490048817123,13856.552760045062,Goldhamster,D0,2,Goldhamster_D0,,4.141655199720119
40,Ciliated,0.0007510326699211416,9237.701840030042,Goldhamster,D0,2,Goldhamster_D0,,3.965563940664438
41,Fibroblasts,0.0003755163349605708,4618.850920015021,Goldhamster,D0,2,Goldhamster_D0,,3.6645339450004566
42,T cells,0.1570070530512113,1978288.8684452623,Goldhamster,D0,3,Goldhamster_D0,,6.296289707287436
43,MonocyticMacrophages,0.1284881938055811,1618951.241950322,Goldhamster,D0,3,Goldhamster_D0,,6.209233769277901
44,AlveolarMacrophages,0.12082183379331493,1522355.105795768,Goldhamster,D0,3,Goldhamster_D0,,6.18251596813718
45,Neutrophils,0.11100889297761422,1398712.0515179392,Goldhamster,D0,3,Goldhamster_D0,,6.145728316844772
46,Bcells,0.10732904017172647,1352345.9061637535,Goldhamster,D0,3,Goldhamster_D0,,6.131087790661882
47,Endothelial cells,0.1024225697638761,1290524.379024839,Goldhamster,D0,3,Goldhamster_D0,,6.110766213123171
48,AT2,0.09966268015946028,1255749.7700091996,Goldhamster,D0,3,Goldhamster_D0,,6.0989031072904805
49,Treml4+Macrophages,0.029438822447102116,370929.1628334867,Goldhamster,D0,3,Goldhamster_D0,,5.569290979351174
50,InterstitialMacrophages,0.025758969641214352,324563.01747930085,Goldhamster,D0,3,Goldhamster_D0,,5.511299032373487
51,NK cells,0.020852499233364,262741.4903403864,Goldhamster,D0,3,Goldhamster_D0,,5.419528659017843
52,AT1,0.01993253603189206,251149.95400183994,Goldhamster,D0,3,Goldhamster_D0,,5.399933102954462
53,Myofibroblast,0.01839926402943882,231830.72677092915,Goldhamster,D0,3,Goldhamster_D0,,5.36517099669525
54,SmoothMuscle,0.01441275682306041,181600.73597056116,Goldhamster,D0,3,Goldhamster_D0,,5.259117604247323
55,ILC2,0.011959521619135235,150689.97240110397,Goldhamster,D0,3,Goldhamster_D0,,5.178084353338106
56,cDC,0.008892977614228765,112051.51793928244,Goldhamster,D0,3,Goldhamster_D0,,5.049417744210562
57,Platelets,0.007666360012266176,96596.13615455381,Goldhamster,D0,3,Goldhamster_D0,,4.9849597549836435
58,Ciliated,0.007359705611775529,92732.29070837167,Goldhamster,D0,3,Goldhamster_D0,,4.967230988023212
59,Fibroblasts,0.0027598896044158236,34774.60901563938,Goldhamster,D0,3,Goldhamster_D0,,4.541262255750931
60,Plasma cells,0.0021465808034345293,27046.91812327507,Goldhamster,D0,3,Goldhamster_D0,,4.432117786325863
61,pDC,0.0021465808034345293,27046.91812327507,Goldhamster,D0,3,Goldhamster_D0,,4.432117786325863
62,Erythrocytes,0.0015332720024532351,19319.22723091076,Goldhamster,D0,3,Goldhamster_D0,,4.285989750647625
63,Neutrophils,0.23216783216783216,3807552.4475524467,Goldhamster,D2,1,Goldhamster_D2,,6.580645894286672
64,Endothelial cells,0.18286713286713285,2999020.9790209783,Goldhamster,D2,1,Goldhamster_D2,,6.4769795037859295
65,MonocyticMacrophages,0.11853146853146854,1943916.0839160837,Goldhamster,D2,1,Goldhamster_D2,,6.288677513121737
66,AT1,0.07762237762237763,1273006.9930069929,Goldhamster,D2,1,Goldhamster_D2,,6.104830789369293
67,Bcells,0.06713286713286713,1100979.0209790207,Goldhamster,D2,1,Goldhamster_D2,,6.0417790436222045
68,AlveolarMacrophages,0.0513986013986014,842937.0629370628,Goldhamster,D2,1,Goldhamster_D2,,5.925795149666831
69,SmoothMuscle,0.04055944055944056,665174.825174825,Goldhamster,D2,1,Goldhamster_D2,,5.822935804145573
70,Myofibroblast,0.03006993006993007,493146.8531468531,Goldhamster,D2,1,Goldhamster_D2,,5.692976266162223
71,InterstitialMacrophages,0.028321678321678322,464475.52447552443,Goldhamster,D2,1,Goldhamster_D2,,5.666962833797305
72,NK cells,0.028321678321678322,464475.52447552443,Goldhamster,D2,1,Goldhamster_D2,,5.666962833797305
73,Treml4+Macrophages,0.025174825174825177,412867.13286713284,Goldhamster,D2,1,Goldhamster_D2,,5.615810311349923
74,AT2,0.025174825174825177,412867.13286713284,Goldhamster,D2,1,Goldhamster_D2,,5.615810311349923
75,T cells,0.024825174825174826,407132.8671328671,Goldhamster,D2,1,Goldhamster_D2,,5.60973616363773
76,Platelets,0.01888111888111888,309650.34965034964,Goldhamster,D2,1,Goldhamster_D2,,5.4908715747416235
77,Fibroblasts,0.013286713286713287,217902.09790209788,Goldhamster,D2,1,Goldhamster_D2,,5.338261411535465
78,cDC,0.01013986013986014,166293.70629370626,Goldhamster,D2,1,Goldhamster_D2,,5.220875812817611
79,Ciliated,0.008041958041958041,131888.11188811186,Goldhamster,D2,1,Goldhamster_D2,,5.1202056509362475
80,ILC2,0.0073426573426573424,120419.58041958041,Goldhamster,D2,1,Goldhamster_D2,,5.080697109652574
81,Erythrocytes,0.0048951048951048955,80279.72027972028,Goldhamster,D2,1,Goldhamster_D2,,4.904605850596893
82,pDC,0.0038461538461538464,63076.92307692307,Goldhamster,D2,1,Goldhamster_D2,,4.79987050007688
83,Plasma cells,0.0013986013986013986,22937.062937062936,Goldhamster,D2,1,Goldhamster_D2,,4.360537806246617
84,Endothelial cells,0.19306016980435586,3552307.1244001477,Goldhamster,D2,2,Goldhamster_D2,,6.550510506843643
85,Neutrophils,0.1672203765227021,3076854.9280177187,Goldhamster,D2,2,Goldhamster_D2,,6.4881070199892
86,MonocyticMacrophages,0.13215208564045774,2431598.3757844227,Goldhamster,D2,2,Goldhamster_D2,,6.385891844620243
87,T cells,0.10151347360649686,1867847.9143595423,Goldhamster,D2,2,Goldhamster_D2,,6.2713415118066305
88,Bcells,0.09486895533407161,1745588.7781469177,Goldhamster,D2,2,Goldhamster_D2,,6.241941941307663
89,AlveolarMacrophages,0.07973421926910298,1467109.6345514948,Goldhamster,D2,2,Goldhamster_D2,,6.166462569127299
90,AT2,0.04724990771502399,869398.3019564415,Goldhamster,D2,2,Goldhamster_D2,,5.939218787624236
91,AT1,0.034699150978220746,638464.3779992617,Goldhamster,D2,2,Goldhamster_D2,,5.805136671576067
92,InterstitialMacrophages,0.03137689184200812,577334.8098929494,Goldhamster,D2,2,Goldhamster_D2,,5.761427743690661
93,Treml4+Macrophages,0.024363233665559248,448283.49944629014,Goldhamster,D2,2,Goldhamster_D2,,5.651552753518237
94,Myofibroblast,0.021410114433370247,393946.10557401256,Goldhamster,D2,2,Goldhamster_D2,,5.595436811539305
95,Platelets,0.017349575489110373,319232.18899963086,Goldhamster,D2,2,Goldhamster_D2,,5.504106675912086
96,SmoothMuscle,0.01698043558508675,312440.0147655962,Goldhamster,D2,2,Goldhamster_D2,,5.494766649657942
97,NK cells,0.014027316352897749,258102.62089331858,Goldhamster,D2,2,Goldhamster_D2,,5.411792414593179
98,ILC2,0.009966777408637873,183388.70431893686,Goldhamster,D2,2,Goldhamster_D2,,5.263372582135355
99,Ciliated,0.0036913990402362494,67921.74234034699,Goldhamster,D2,2,Goldhamster_D2,,4.8320088179763685
100,cDC,0.0033222591362126247,61129.56810631229,Goldhamster,D2,2,Goldhamster_D2,,4.786251327415693
101,Fibroblasts,0.0022148394241417496,40753.04540420819,Goldhamster,D2,2,Goldhamster_D2,,4.6101600683600115
102,pDC,0.0018456995201181247,33960.871170173494,Goldhamster,D2,2,Goldhamster_D2,,4.530978822312387
103,Erythrocytes,0.0014765596160944998,27168.696936138796,Goldhamster,D2,2,Goldhamster_D2,,4.434068809304331
104,Plasma cells,0.0011074197120708748,20376.522702104096,Goldhamster,D2,2,Goldhamster_D2,,4.30913007269603
105,Mast cells,0.00036913990402362494,6792.174234034699,Goldhamster,D2,2,Goldhamster_D2,,3.832008817976368
106,AlveolarMacrophages,0.15173732865795345,2791966.8473063433,Goldhamster,D2,3,Goldhamster_D2,,6.445910257032285
107,T cells,0.1421740516416959,2616002.550207204,Goldhamster,D2,3,Goldhamster_D2,,6.417638163023933
108,Bcells,0.13675486133248327,2516289.4485176923,Goldhamster,D2,3,Goldhamster_D2,,6.400760596496515
109,MonocyticMacrophages,0.12304749760918074,2264073.9560089256,Goldhamster,D2,3,Goldhamster_D2,,6.354890608983546
110,Neutrophils,0.11699075549888428,2152629.9011794706,Goldhamster,D2,3,Goldhamster_D2,,6.332969368563881
111,Endothelial cells,0.11699075549888428,2152629.9011794706,Goldhamster,D2,3,Goldhamster_D2,,6.332969368563881
112,InterstitialMacrophages,0.04462862607586866,821166.7197959834,Goldhamster,D2,3,Goldhamster_D2,,5.9144313399900295
113,AT2,0.031558814153649986,580682.1804271598,Goldhamster,D2,3,Goldhamster_D2,,5.763938498909341
114,Treml4+Macrophages,0.024864520242269685,457507.1724577622,Goldhamster,D2,3,Goldhamster_D2,,5.660397907002272
115,NK cells,0.021039209435766655,387121.45361810643,Goldhamster,D2,3,Goldhamster_D2,,5.5878472398536605
116,AT1,0.021039209435766655,387121.45361810643,Goldhamster,D2,3,Goldhamster_D2,,5.5878472398536605
117,Myofibroblast,0.01880777813197322,346063.11762830726,Goldhamster,D2,3,Goldhamster_D2,,5.539155315953936
118,ILC2,0.014982467325470195,275677.39878865157,Goldhamster,D2,3,Goldhamster_D2,,5.440401162247509
119,Platelets,0.012113484220592923,222888.1096589098,Goldhamster,D2,3,Goldhamster_D2,,5.348086900928601
120,SmoothMuscle,0.008606949314631815,158367.8673892254,Goldhamster,D2,3,Goldhamster_D2,,5.199667068470779
121,cDC,0.006375518010838381,117309.53139942621,Goldhamster,D2,3,Goldhamster_D2,,5.0693332999757725
122,pDC,0.0031877590054191903,58654.765699713105,Goldhamster,D2,3,Goldhamster_D2,,4.768303304311791
123,Fibroblasts,0.001912655403251514,35192.85941982786,Goldhamster,D2,3,Goldhamster_D2,,4.546454554695435
124,Ciliated,0.0015938795027095952,29327.382849856553,Goldhamster,D2,3,Goldhamster_D2,,4.46727330864781
125,Erythrocytes,0.000956327701625757,17596.42970991393,Goldhamster,D2,3,Goldhamster_D2,,4.245424559031454
126,Plasma cells,0.000637551801083838,11730.95313994262,Goldhamster,D2,3,Goldhamster_D2,,4.0693332999757725
127,MonocyticMacrophages,0.16719914802981894,2808945.6869009584,Goldhamster,D3,1,Goldhamster_D3,,6.4485433418689855
128,Bcells,0.13347532836350728,2242385.5165069224,Goldhamster,D3,1,Goldhamster_D3,,6.350710279667751
129,Neutrophils,0.1235356762513312,2075399.361022364,Goldhamster,D3,1,Goldhamster_D3,,6.3171016786866705
130,T cells,0.11927582534611289,2003833.8658146965,Goldhamster,D3,1,Goldhamster_D3,,6.301861712129933
131,AlveolarMacrophages,0.08519701810436635,1431309.9041533547,Goldhamster,D3,1,Goldhamster_D3,,6.155733676451695
132,Endothelial cells,0.08058217962371317,1353780.6176783813,Goldhamster,D3,1,Goldhamster_D3,,6.131548291933212
133,NK cells,0.058217962371317,978061.7678381257,Goldhamster,D3,1,Goldhamster_D3,,5.990366282787788
134,Treml4+Macrophages,0.04792332268370607,805111.821086262,Goldhamster,D3,1,Goldhamster_D3,,5.905856203235095
135,InterstitialMacrophages,0.04046858359957402,679872.2044728436,Goldhamster,D3,1,Goldhamster_D3,,5.8324272860765625
136,AT2,0.04011359602413916,673908.4132055378,Goldhamster,D3,1,Goldhamster_D3,,5.828600878223509
137,AT1,0.020944266950656727,351863.684771033,Goldhamster,D3,1,Goldhamster_D3,,5.5463744463822335
138,ILC2,0.01987930422435215,333972.3109691161,Goldhamster,D3,1,Goldhamster_D3,,5.5237104617462895
139,Platelets,0.01987930422435215,333972.3109691161,Goldhamster,D3,1,Goldhamster_D3,,5.5237104617462895
140,cDC,0.012424565140220093,208732.69435569755,Goldhamster,D3,1,Goldhamster_D3,,5.319590479090365
141,Myofibroblast,0.010294639687610933,172949.94675186367,Goldhamster,D3,1,Goldhamster_D3,,5.237920432639045
142,pDC,0.0067447639332623354,113312.03407880724,Goldhamster,D3,1,Goldhamster_D3,,5.054276035692919
143,SmoothMuscle,0.004969826056088037,83493.07774227903,Goldhamster,D3,1,Goldhamster_D3,,4.921650470418328
144,Fibroblasts,0.004259850905218318,71565.49520766774,Goldhamster,D3,1,Goldhamster_D3,,4.854703680787714
145,Ciliated,0.0024849130280440185,41746.53887113951,Goldhamster,D3,1,Goldhamster_D3,,4.620620474754347
146,Erythrocytes,0.0010649627263045794,17891.373801916936,Goldhamster,D3,1,Goldhamster_D3,,4.252643689459752
147,Plasma cells,0.0010649627263045794,17891.373801916936,Goldhamster,D3,1,Goldhamster_D3,,4.252643689459752
148,MonocyticMacrophages,0.1787471302066251,3074450.639553952,Goldhamster,D3,2,Goldhamster_D3,,6.4877675248188105
149,T cells,0.1377500819940964,2369301.4102984583,Goldhamster,D3,2,Goldhamster_D3,,6.374620312940069
150,Bcells,0.11511971138078059,1980059.035749426,Goldhamster,D3,2,Goldhamster_D3,,6.296678139007993
151,Endothelial cells,0.11315185306657921,1946211.8727451623,Goldhamster,D3,2,Goldhamster_D3,,6.289190117615442
152,AlveolarMacrophages,0.08822564775336175,1517481.141357822,Goldhamster,D3,2,Goldhamster_D3,,6.181123302544576
153,NK cells,0.06231551328304362,1071826.8284683502,Goldhamster,D3,2,Goldhamster_D3,,6.030124623494997
154,Neutrophils,0.05510003279763857,947720.5641193835,Goldhamster,D3,2,Goldhamster_D3,,5.976680304268031
155,AT2,0.05313217448343719,913873.4011151197,Goldhamster,D3,2,Goldhamster_D3,,5.9608860370848
156,InterstitialMacrophages,0.04001311905542801,688225.6477533617,Goldhamster,D3,2,Goldhamster_D3,,5.837730853216916
157,Treml4+Macrophages,0.03837323712692686,660019.678583142,Goldhamster,D3,2,Goldhamster_D3,,5.81955688428833
158,Platelets,0.026566087241718595,456936.70055755985,Goldhamster,D3,2,Goldhamster_D3,,5.659856041420818
159,AT1,0.025910134470318136,445654.31288947194,Goldhamster,D3,2,Goldhamster_D3,,5.64899811383261
160,Myofibroblast,0.013119055428009183,225647.75336175793,Goldhamster,D3,2,Goldhamster_D3,,5.35343101387013
161,ILC2,0.012791079042308954,220006.559527714,Goldhamster,D3,2,Goldhamster_D3,,5.3424356295686675
162,SmoothMuscle,0.012463102656608724,214365.36569367006,Goldhamster,D3,2,Goldhamster_D3,,5.331154619158978
163,cDC,0.012135126270908495,208724.1718596261,Goldhamster,D3,2,Goldhamster_D3,,5.319572746609163
164,Ciliated,0.005247622171203673,90259.10134470317,Goldhamster,D3,2,Goldhamster_D3,,4.955491005198093
165,pDC,0.004263693014102984,73335.51984257133,Goldhamster,D3,2,Goldhamster_D3,,4.865314374849005
166,Erythrocytes,0.0026238110856018366,45129.55067235159,Goldhamster,D3,2,Goldhamster_D3,,4.654461009534112
167,Fibroblasts,0.0016398819285011479,28205.96917021974,Goldhamster,D3,2,Goldhamster_D3,,4.450341026878187
168,Plasma cells,0.0013119055428009183,22564.775336175793,Goldhamster,D3,2,Goldhamster_D3,,4.35343101387013
169,MonocyticMacrophages,0.14726756564939675,3239886.4442867283,Goldhamster,D3,3,Goldhamster_D3,,6.5105297887609614
170,Endothelial cells,0.14229950319375442,3130589.0702625974,Goldhamster,D3,3,Goldhamster_D3,,6.495626064669051
171,T cells,0.11923349893541518,2623136.976579134,Goldhamster,D3,3,Goldhamster_D3,,6.418820969438713
172,Bcells,0.11355571327182398,2498225.6919801277,Goldhamster,D3,3,Goldhamster_D3,,6.397631670368774
173,AlveolarMacrophages,0.0965223562810504,2123491.8381831087,Goldhamster,D3,3,Goldhamster_D3,,6.327050596083067
174,AT2,0.07594038325053229,1670688.4315117104,Goldhamster,D3,3,Goldhamster_D3,,6.222895465398059
175,Neutrophils,0.06813342796309439,1498935.4151880767,Goldhamster,D3,3,Goldhamster_D3,,6.175782920752418
176,NK cells,0.045067423704755145,991483.3215046132,Goldhamster,D3,3,Goldhamster_D3,,5.996285413004825
177,InterstitialMacrophages,0.036905606813342796,811923.3498935415,Goldhamster,D3,3,Goldhamster_D3,,5.909515031347649
178,AT1,0.0347764371894961,765081.6181689142,Goldhamster,D3,3,Goldhamster_D3,,5.883707767741363
179,Treml4+Macrophages,0.0255500354861604,562100.7806955287,Goldhamster,D3,3,Goldhamster_D3,,5.749814188480137
180,Platelets,0.022356281050390347,491838.18310858763,Goldhamster,D3,3,Goldhamster_D3,,5.69182224150245
181,Myofibroblast,0.0198722498225692,437189.4960965224,Goldhamster,D3,3,Goldhamster_D3,,5.640669719055069
182,SmoothMuscle,0.01596877217885025,351312.9879347055,Goldhamster,D3,3,Goldhamster_D3,,5.545694205824212
183,ILC2,0.01242015613910575,273243.4350603265,Goldhamster,D3,3,Goldhamster_D3,,5.436549736399145
184,cDC,0.0099361249112846,218594.7480482612,Goldhamster,D3,3,Goldhamster_D3,,5.3396397233910875
185,Erythrocytes,0.0056777856635912,124911.2845990064,Goldhamster,D3,3,Goldhamster_D3,,5.096601674704793
186,Fibroblasts,0.0035486160397444995,78069.55287437899,Goldhamster,D3,3,Goldhamster_D3,,4.892481692048869
187,pDC,0.00248403122782115,54648.6870120653,Goldhamster,D3,3,Goldhamster_D3,,4.737579732063126
188,Ciliated,0.0021291696238466998,46841.731724627396,Goldhamster,D3,3,Goldhamster_D3,,4.670632942432512
189,Plasma cells,0.00035486160397445,7806.9552874379,Goldhamster,D3,3,Goldhamster_D3,,3.8924816920488685
190,T cells,0.18178424785367675,5853452.780888392,Goldhamster,D5,1,Goldhamster_D5,,6.767412119302256
191,InterstitialMacrophages,0.16349384098544234,5264501.679731244,Goldhamster,D5,1,Goldhamster_D5,,6.721357268591722
192,MonocyticMacrophages,0.14669652855543114,4723628.219484883,Goldhamster,D5,1,Goldhamster_D5,,6.674275708463049
193,Bcells,0.11123553564762971,3581784.2478536773,Goldhamster,D5,1,Goldhamster_D5,,6.554099422163877
194,NK cells,0.08697275102650243,2800522.5830533784,Goldhamster,D5,1,Goldhamster_D5,,6.447239079113641
195,Endothelial cells,0.07204180664427025,2319746.1739455024,Goldhamster,D5,1,Goldhamster_D5,,6.365440467095396
196,Neutrophils,0.06569615528182157,2115416.200074655,Goldhamster,D5,1,Goldhamster_D5,,6.325395825901772
197,AlveolarMacrophages,0.04143337066069429,1334154.5352743561,Goldhamster,D5,1,Goldhamster_D5,,6.125206136874279
198,Treml4+Macrophages,0.04068682344158268,1310115.7148189624,Goldhamster,D5,1,Goldhamster_D5,,6.117309656028246
199,pDC,0.02874206793579694,925494.5875326615,Goldhamster,D5,1,Goldhamster_D5,,5.966373883260104
200,cDC,0.019783501306457632,637028.7420679359,Goldhamster,D5,1,Goldhamster_D5,,5.804159027688411
201,AT2,0.014557670772676373,468756.99888017925,Goldhamster,D5,1,Goldhamster_D5,,5.670947765114121
202,Myofibroblast,0.0070921985815602835,228368.79432624116,Goldhamster,D5,1,Goldhamster_D5,,5.358636759040451
203,ILC2,0.006718924972004479,216349.38409854425,Goldhamster,D5,1,Goldhamster_D5,,5.335155663190928
204,AT1,0.004479283314669653,144232.92273236284,Goldhamster,D5,1,Goldhamster_D5,,5.159064404135247
205,SmoothMuscle,0.003732736095558044,120194.10227696903,Goldhamster,D5,1,Goldhamster_D5,,5.079883158087622
206,Platelets,0.0033594624860022394,108174.69204927213,Goldhamster,D5,1,Goldhamster_D5,,5.034125667526947
207,Plasma cells,0.0011198208286674132,36058.23068309071,Goldhamster,D5,1,Goldhamster_D5,,4.557004412807284
208,Fibroblasts,0.0003732736095558044,12019.410227696902,Goldhamster,D5,1,Goldhamster_D5,,4.079883158087622
209,T cells,0.14696485623003194,2615974.440894569,Goldhamster,D5,2,Goldhamster_D5,,6.41763349644402
210,Endothelial cells,0.14664536741214057,2610287.539936102,Goldhamster,D5,2,Goldhamster_D5,,6.416688350299706
211,MonocyticMacrophages,0.1220447284345048,2172396.1661341856,Goldhamster,D5,2,Goldhamster_D5,,6.336939027674155
212,InterstitialMacrophages,0.11853035143769967,2109840.255591054,Goldhamster,D5,2,Goldhamster_D5,,6.324249574377491
213,Neutrophils,0.11693290734824281,2081405.750798722,Goldhamster,D5,2,Goldhamster_D5,,6.318356750156856
214,AT2,0.07028753993610223,1251118.2108626198,Goldhamster,D5,2,Goldhamster_D5,,6.097298345584652
215,Bcells,0.0610223642172524,1086198.0830670928,Goldhamster,D5,2,Goldhamster_D5,,6.035909032010173
216,NK cells,0.05782747603833866,1029329.0734824282,Goldhamster,D5,2,Goldhamster_D5,,6.01255423963163
217,AlveolarMacrophages,0.04089456869009585,727923.3226837061,Goldhamster,D5,2,Goldhamster_D5,,5.862085634410314
218,Treml4+Macrophages,0.0329073482428115,585750.7987220448,Goldhamster,D5,2,Goldhamster_D5,,5.767712889467618
219,AT1,0.019488817891373803,346900.9584664537,Goldhamster,D5,2,Goldhamster_D5,,5.540205499773212
220,Myofibroblast,0.01693290734824281,301405.75079872203,Goldhamster,D5,2,Goldhamster_D5,,5.479151534363234
221,cDC,0.013738019169329074,244536.74121405752,Goldhamster,D5,2,Goldhamster_D5,,5.388344120342032
222,ILC2,0.008945686900958467,159233.2268370607,Goldhamster,D5,2,Goldhamster_D5,,5.202033696104665
223,Platelets,0.008945686900958467,159233.2268370607,Goldhamster,D5,2,Goldhamster_D5,,5.202033696104665
224,pDC,0.008306709265175719,147859.42492012779,Goldhamster,D5,2,Goldhamster_D5,,5.1698490127332635
225,SmoothMuscle,0.0044728434504792336,79616.61341853035,Goldhamster,D5,2,Goldhamster_D5,,4.9010037004406835
226,Plasma cells,0.0022364217252396168,39808.306709265176,Goldhamster,D5,2,Goldhamster_D5,,4.599973704776702
227,Fibroblasts,0.001597444089456869,28434.504792332267,Goldhamster,D5,2,Goldhamster_D5,,4.453845669098464
228,Ciliated,0.0009584664536741214,17060.70287539936,Goldhamster,D5,2,Goldhamster_D5,,4.231996919482108
229,Mast cells,0.0003194888178913738,5686.900958466454,Goldhamster,D5,2,Goldhamster_D5,,3.7548756647624453
230,InterstitialMacrophages,0.1670799752014879,3608927.464352139,Goldhamster,D5,3,Goldhamster_D5,,6.557378153284727
231,MonocyticMacrophages,0.16460012399256044,3555362.6782393055,Goldhamster,D5,3,Goldhamster_D5,,6.550883909179457
232,T cells,0.15127092374457532,3267451.952882827,Goldhamster,D5,3,Goldhamster_D5,,6.514209210100699
233,Neutrophils,0.11283323000619963,2437197.7681339122,Goldhamster,D5,3,Goldhamster_D5,,6.386890771747044
234,Endothelial cells,0.09454432734035959,2042157.4705517672,Goldhamster,D5,3,Goldhamster_D5,,6.310089227444774
235,NK cells,0.06106633601983881,1319032.8580285183,Goldhamster,D5,3,Goldhamster_D5,,6.120255614259581
236,AlveolarMacrophages,0.05455672659640422,1178425.294482331,Goldhamster,D5,3,Goldhamster_D5,,6.071302055912138
237,AT2,0.05238685678859269,1131556.106633602,Goldhamster,D5,3,Goldhamster_D5,,6.053676092711662
238,Bcells,0.03068815871047737,662864.2281463112,Goldhamster,D5,3,Goldhamster_D5,,5.821424582695538
239,Treml4+Macrophages,0.024488530688158712,528952.2628642282,Goldhamster,D5,3,Goldhamster_D5,,5.72341647938843
240,cDC,0.022938623682579044,495474.27154370735,Goldhamster,D5,3,Goldhamster_D5,,5.695021107828964
241,Myofibroblast,0.017048977061376317,368257.90452572843,Goldhamster,D5,3,Goldhamster_D5,,5.566152077592232
242,pDC,0.014569125852448853,314693.11841289524,Goldhamster,D5,3,Goldhamster_D5,,5.497887246033706
243,AT1,0.010539367637941723,227650.34097954122,Goldhamster,D5,3,Goldhamster_D5,,5.357268305140243
244,ILC2,0.006199628022318661,133911.96528208308,Goldhamster,D5,3,Goldhamster_D5,,5.126819383761969
245,Fibroblasts,0.005889646621202728,127216.36701797893,Goldhamster,D5,3,Goldhamster_D5,,5.104542989050818
246,SmoothMuscle,0.0040297582145071295,87042.777433354,Goldhamster,D5,3,Goldhamster_D5,,4.939732740404825
247,Platelets,0.0037197768133911966,80347.17916924985,Goldhamster,D5,3,Goldhamster_D5,,4.904970634145613
248,Plasma cells,0.0015499070055796653,33477.99132052077,Goldhamster,D5,3,Goldhamster_D5,,4.524759392434007
249,Bcells,0.14291581108829568,4073100.616016427,Goldhamster,E14,1,Goldhamster_E14,,6.609925138404438
250,T cells,0.14045174537987679,4002874.7433264884,Goldhamster,E14,1,Goldhamster_E14,,6.602372000513992
251,Endothelial cells,0.13963039014373715,3979466.1190965087,Goldhamster,E14,1,Goldhamster_E14,,6.599824811500112
252,MonocyticMacrophages,0.1162217659137577,3312320.328542094,Goldhamster,E14,1,Goldhamster_E14,,6.520132329982148
253,AlveolarMacrophages,0.10061601642710473,2867556.468172485,Goldhamster,E14,1,Goldhamster_E14,,6.45751197882239
254,AT2,0.075564681724846,2153593.429158111,Goldhamster,E14,1,Goldhamster_E14,,6.333163717467394
255,Neutrophils,0.05995893223819302,1708829.568788501,Goldhamster,E14,1,Goldhamster_E14,,6.232698750242294
256,AT1,0.045174537987679675,1287474.3326488708,Goldhamster,E14,1,Goldhamster_E14,,6.109738579616082
257,InterstitialMacrophages,0.03860369609856263,1100205.338809035,Goldhamster,E14,1,Goldhamster_E14,,6.041473748057555
258,NK cells,0.031211498973305954,889527.7207392197,Goldhamster,E14,1,Goldhamster_E14,,5.949159486738648
259,Treml4+Macrophages,0.025872689938398356,737371.6632443531,Goldhamster,E14,1,Goldhamster_E14,,5.867686443911439
260,cDC,0.017659137577002052,503285.4209445585,Goldhamster,E14,1,Goldhamster_E14,,5.701814350037443
261,ILC2,0.016837782340862424,479876.7967145791,Goldhamster,E14,1,Goldhamster_E14,,5.6811297511775924
262,Myofibroblast,0.015195071868583163,433059.54825462017,Goldhamster,E14,1,Goldhamster_E14,,5.636547618524852
263,SmoothMuscle,0.014373716632443531,409650.92402464064,Goldhamster,E14,1,Goldhamster_E14,,5.612413938808133
264,Platelets,0.009856262833675565,280903.4907597536,Goldhamster,E14,1,Goldhamster_E14,,5.448557136169463
265,pDC,0.0032854209445585215,93634.49691991786,Goldhamster,E14,1,Goldhamster_E14,,4.971435881449801
266,Erythrocytes,0.002053388090349076,58521.560574948664,Goldhamster,E14,1,Goldhamster_E14,,4.767315898793876
267,Ciliated,0.002053388090349076,58521.560574948664,Goldhamster,E14,1,Goldhamster_E14,,4.767315898793876
268,Fibroblasts,0.0016427104722792608,46817.24845995893,Goldhamster,E14,1,Goldhamster_E14,,4.6704058857858195
269,Plasma cells,0.0008213552361396304,23408.624229979465,Goldhamster,E14,1,Goldhamster_E14,,4.369375890121838
270,Endothelial cells,0.16587155963302752,5075669.724770642,Goldhamster,E14,2,Goldhamster_E14,,6.705493354680301
271,Bcells,0.14238532110091742,4356990.8256880725,Goldhamster,E14,2,Goldhamster_E14,,6.639186645463126
272,T cells,0.13871559633027522,4244697.247706422,Goldhamster,E14,2,Goldhamster_E14,,6.627846719706144
273,AlveolarMacrophages,0.11449541284403669,3503559.6330275224,Goldhamster,E14,2,Goldhamster_E14,,6.544509513887362
274,MonocyticMacrophages,0.09688073394495413,2964550.458715596,Goldhamster,E14,2,Goldhamster_E14,,6.47195884673875
275,AT1,0.06018348623853211,1841614.6788990824,Goldhamster,E14,2,Goldhamster_E14,,6.265198767916616
276,AT2,0.05467889908256881,1673174.3119266054,Goldhamster,E14,2,Goldhamster_E14,,6.223541188281192
277,InterstitialMacrophages,0.045871559633027525,1403669.7247706421,Goldhamster,E14,2,Goldhamster_E14,,6.1472649328769755
278,Neutrophils,0.04036697247706422,1235229.357798165,Goldhamster,E14,2,Goldhamster_E14,,6.091747605027144
279,Treml4+Macrophages,0.038899082568807336,1190311.9266055042,Goldhamster,E14,2,Goldhamster_E14,,6.075660785133689
280,NK cells,0.02422018348623853,741137.614678899,Goldhamster,E14,2,Goldhamster_E14,,5.869898855410788
281,ILC2,0.02091743119266055,640073.3944954128,Goldhamster,E14,2,Goldhamster_E14,,5.80622977554141
282,Myofibroblast,0.012844036697247707,393027.52293577977,Goldhamster,E14,2,Goldhamster_E14,,5.594422964219194
283,SmoothMuscle,0.010275229357798165,314422.0183486238,Goldhamster,E14,2,Goldhamster_E14,,5.497512951211138
284,Platelets,0.008440366972477064,258275.22935779812,Goldhamster,E14,2,Goldhamster_E14,,5.412082755886511
285,cDC,0.006972477064220183,213357.7981651376,Goldhamster,E14,2,Goldhamster_E14,,5.329108520821747
286,Ciliated,0.004036697247706422,123522.9357798165,Goldhamster,E14,2,Goldhamster_E14,,5.091747605027144
287,Fibroblasts,0.003669724770642202,112293.57798165137,Goldhamster,E14,2,Goldhamster_E14,,5.050354919868918
288,Erythrocytes,0.003669724770642202,112293.57798165137,Goldhamster,E14,2,Goldhamster_E14,,5.050354919868918
289,pDC,0.003669724770642202,112293.57798165137,Goldhamster,E14,2,Goldhamster_E14,,5.050354919868918
290,Plasma cells,0.0029357798165137615,89834.86238532109,Goldhamster,E14,2,Goldhamster_E14,,4.953444906860862
291,Endothelial cells,0.17520601934790397,3574202.794697241,Goldhamster,E14,3,Goldhamster_E14,,6.553179190060888
292,AlveolarMacrophages,0.12970261554998208,2645933.3572196346,Goldhamster,E14,3,Goldhamster_E14,,6.422578901470433
293,Bcells,0.10462199928341097,2134288.785381584,Goldhamster,E14,3,Goldhamster_E14,,6.329253182385686
294,MonocyticMacrophages,0.09709781440343963,1980795.4138301685,Goldhamster,E14,3,Goldhamster_E14,,6.296839621811674
295,T cells,0.09136510211393765,1863848.0831243282,Goldhamster,E14,3,Goldhamster_E14,,6.270410511371223
296,Neutrophils,0.08634897886062343,1761519.1687567178,Goldhamster,E14,3,Goldhamster_E14,,6.245887373512136
297,AT2,0.07416696524543175,1513006.0910068075,Goldhamster,E14,3,Goldhamster_E14,,6.1798406763941856
298,AT1,0.05911859548548907,1206019.347903977,Goldhamster,E14,3,Goldhamster_E14,,6.081354275151174
299,InterstitialMacrophages,0.04586169831601576,935578.6456467216,Goldhamster,E14,3,Goldhamster_E14,,5.971080300585136
300,NK cells,0.028663561447509853,584736.653529201,Goldhamster,E14,3,Goldhamster_E14,,5.766960317929211
301,Myofibroblast,0.02185596560372626,445861.6983160157,Goldhamster,E14,3,Goldhamster_E14,,5.649200165948034
302,Treml4+Macrophages,0.020781082049444642,423934.0738086707,Goldhamster,E14,3,Goldhamster_E14,,5.627298324500205
303,ILC2,0.0200644930132569,409315.6574704407,Goldhamster,E14,3,Goldhamster_E14,,5.612058357943468
304,SmoothMuscle,0.010748835542816195,219276.24507345038,Goldhamster,E14,3,Goldhamster_E14,,5.34099158565693
305,cDC,0.00895736295234683,182730.20422787534,Goldhamster,E14,3,Goldhamster_E14,,5.261810339609306
306,Erythrocytes,0.007165890361877463,146184.16338230026,Goldhamster,E14,3,Goldhamster_E14,,5.1649003266012485
307,Platelets,0.006449301325689717,131565.74704407022,Goldhamster,E14,3,Goldhamster_E14,,5.119142836040574
308,pDC,0.0035829451809387316,73092.08169115013,Goldhamster,E14,3,Goldhamster_E14,,4.863870330937268
309,Ciliated,0.002866356144750985,58473.6653529201,Goldhamster,E14,3,Goldhamster_E14,,4.766960317929211
310,Fibroblasts,0.002866356144750985,58473.6653529201,Goldhamster,E14,3,Goldhamster_E14,,4.766960317929211
311,Plasma cells,0.0025080616266571123,51164.45718380509,Goldhamster,E14,3,Goldhamster_E14,,4.708968370951524
312,Bcells,0.29519353466609954,560867.7158655891,Dwarfhamster,D0,1,Dwarfhamster_D0_no dose,no dose,5.748860442282744
313,T cells,0.21097405359421523,400850.70182900893,Dwarfhamster,D0,1,Dwarfhamster_D0_no dose,no dose,5.602982648318087
314,Endothelial cells,0.11356869417269247,215780.5189281157,Dwarfhamster,D0,1,Dwarfhamster_D0_no dose,no dose,5.334012233192465
315,NK cells,0.07443641003828158,141429.17907273502,Dwarfhamster,D0,1,Dwarfhamster_D0_no dose,no dose,5.150539020514184
316,Treml4+Macrophages,0.07401105912377712,140621.01233517652,Dwarfhamster,D0,1,Dwarfhamster_D0_no dose,no dose,5.148050220110489
317,AT2,0.04381114419396002,83241.17396852403,Dwarfhamster,D0,1,Dwarfhamster_D0_no dose,no dose,4.920338196533062
318,AlveolarMacrophages,0.04253509145044662,80816.67375584858,Dwarfhamster,D0,1,Dwarfhamster_D0_no dose,no dose,4.90750097182789
319,Neutrophils,0.03700552956188856,70310.50616758826,Dwarfhamster,D0,1,Dwarfhamster_D0_no dose,no dose,4.847020224446508
320,SmoothMuscle,0.01871544023819651,35559.33645257337,Dwarfhamster,D0,1,Dwarfhamster_D0_no dose,no dose,4.550953648314077
321,MonocyticMacrophages,0.017014036580178648,32326.66950233943,Dwarfhamster,D0,1,Dwarfhamster_D0_no dose,no dose,4.509560963155852
322,Myofibroblast,0.01658868566567418,31518.502764780944,Dwarfhamster,D0,1,Dwarfhamster_D0_no dose,no dose,4.498565578854389
323,Plasma cells,0.011909825606125054,22628.668651637603,Dwarfhamster,D0,1,Dwarfhamster_D0_no dose,no dose,4.3546590031701085
324,ILC2,0.010208421948107189,19396.00170140366,Dwarfhamster,D0,1,Dwarfhamster_D0_no dose,no dose,4.287712213539495
325,InterstitialMacrophages,0.0076563164610803916,14547.001276052744,Dwarfhamster,D0,1,Dwarfhamster_D0_no dose,no dose,4.1627734769311955
326,Fibroblasts,0.005104210974053594,9698.00085070183,Dwarfhamster,D0,1,Dwarfhamster_D0_no dose,no dose,3.9866822178755146
327,Mast cells,0.005104210974053594,9698.00085070183,Dwarfhamster,D0,1,Dwarfhamster_D0_no dose,no dose,3.9866822178755146
328,AT1,0.004253509145044662,8081.667375584858,Dwarfhamster,D0,1,Dwarfhamster_D0_no dose,no dose,3.9075009718278895
329,Erythrocytes,0.0038281582305401958,7273.500638026372,Dwarfhamster,D0,1,Dwarfhamster_D0_no dose,no dose,3.8617434812672147
330,cDC,0.0029774564015312634,5657.167162909401,Dwarfhamster,D0,1,Dwarfhamster_D0_no dose,no dose,3.7525990118421464
331,pDC,0.002552105487026797,4849.000425350915,Dwarfhamster,D0,1,Dwarfhamster_D0_no dose,no dose,3.6856522222115333
332,Ciliated,0.002552105487026797,4849.000425350915,Dwarfhamster,D0,1,Dwarfhamster_D0_no dose,no dose,3.6856522222115333
333,Bcells,0.2916666666666667,685416.6666666667,Dwarfhamster,D0,2,Dwarfhamster_D0_no dose,no dose,5.835954660574387
334,Endothelial cells,0.19648692810457516,461744.28104575165,Dwarfhamster,D0,2,Dwarfhamster_D0_no dose,no dose,5.664401525172044
335,T cells,0.11029411764705882,259191.17647058822,Dwarfhamster,D0,2,Dwarfhamster_D0_no dose,no dose,5.4136202129572
336,AlveolarMacrophages,0.07230392156862746,169914.21568627452,Dwarfhamster,D0,2,Dwarfhamster_D0_no dose,no dose,5.23022971516002
337,AT2,0.06535947712418301,153594.77124183008,Dwarfhamster,D0,2,Dwarfhamster_D0_no dose,no dose,5.186376431454137
338,Treml4+Macrophages,0.05718954248366013,134395.4248366013,Dwarfhamster,D0,2,Dwarfhamster_D0_no dose,no dose,5.128384484476451
339,MonocyticMacrophages,0.03839869281045752,90236.92810457517,Dwarfhamster,D0,2,Dwarfhamster_D0_no dose,no dose,4.955384302397912
340,NK cells,0.03594771241830065,84477.12418300653,Dwarfhamster,D0,2,Dwarfhamster_D0_no dose,no dose,4.9267391209483815
341,Myofibroblast,0.0298202614379085,70077.61437908497,Dwarfhamster,D0,2,Dwarfhamster_D0_no dose,no dose,4.845579308918668
342,SmoothMuscle,0.023284313725490197,54718.137254901965,Dwarfhamster,D0,2,Dwarfhamster_D0_no dose,no dose,4.738131304470704
343,Neutrophils,0.016748366013071895,39358.660130718956,Dwarfhamster,D0,2,Dwarfhamster_D0_no dose,no dose,4.595040305517948
344,InterstitialMacrophages,0.016339869281045753,38398.69281045752,Dwarfhamster,D0,2,Dwarfhamster_D0_no dose,no dose,4.584316440126175
345,Plasma cells,0.013888888888888888,32638.888888888887,Dwarfhamster,D0,2,Dwarfhamster_D0_no dose,no dose,4.513735365840468
346,AT1,0.008169934640522876,19199.34640522876,Dwarfhamster,D0,2,Dwarfhamster_D0_no dose,no dose,4.283286444462194
347,cDC,0.006535947712418301,15359.477124183008,Dwarfhamster,D0,2,Dwarfhamster_D0_no dose,no dose,4.186376431454137
348,Erythrocytes,0.005718954248366013,13439.54248366013,Dwarfhamster,D0,2,Dwarfhamster_D0_no dose,no dose,4.128384484476451
349,ILC2,0.004493464052287581,10559.640522875816,Dwarfhamster,D0,2,Dwarfhamster_D0_no dose,no dose,4.023649133956438
350,Ciliated,0.003676470588235294,8639.70588235294,Dwarfhamster,D0,2,Dwarfhamster_D0_no dose,no dose,3.9364989582375376
351,Platelets,0.0016339869281045752,3839.869281045752,Dwarfhamster,D0,2,Dwarfhamster_D0_no dose,no dose,3.584316440126175
352,Mast cells,0.0008169934640522876,1919.934640522876,Dwarfhamster,D0,2,Dwarfhamster_D0_no dose,no dose,3.283286444462194
353,Fibroblasts,0.0008169934640522876,1919.934640522876,Dwarfhamster,D0,2,Dwarfhamster_D0_no dose,no dose,3.283286444462194
354,pDC,0.0004084967320261438,959.967320261438,Dwarfhamster,D0,2,Dwarfhamster_D0_no dose,no dose,2.982256448798213
355,Endothelial cells,0.2246498599439776,617787.1148459384,Dwarfhamster,D0,3,Dwarfhamster_D0_no dose,no dose,5.790838846002233
356,Bcells,0.21680672268907564,596218.487394958,Dwarfhamster,D0,3,Dwarfhamster_D0_no dose,no dose,5.775405438400962
357,T cells,0.1803921568627451,496078.43137254904,Dwarfhamster,D0,3,Dwarfhamster_D0_no dose,no dose,5.695550345077882
358,Treml4+Macrophages,0.08179271708683473,224929.97198879553,Dwarfhamster,D0,3,Dwarfhamster_D0_no dose,no dose,5.352047329166488
359,AT2,0.05434173669467787,149439.77591036414,Dwarfhamster,D0,3,Dwarfhamster_D0_no dose,no dose,5.174466207648296
360,AlveolarMacrophages,0.05378151260504202,147899.15966386555,Dwarfhamster,D0,3,Dwarfhamster_D0_no dose,no dose,5.169965706421619
361,NK cells,0.03081232492997199,84733.89355742297,Dwarfhamster,D0,3,Dwarfhamster_D0_no dose,no dose,4.928057162876295
362,Neutrophils,0.030252100840336135,83193.27731092437,Dwarfhamster,D0,3,Dwarfhamster_D0_no dose,no dose,4.9200882332050195
363,MonocyticMacrophages,0.025210084033613446,69327.73109243698,Dwarfhamster,D0,3,Dwarfhamster_D0_no dose,no dose,4.840906987157394
364,Plasma cells,0.018487394957983194,50840.336134453784,Dwarfhamster,D0,3,Dwarfhamster_D0_no dose,no dose,4.706208413259938
365,Myofibroblast,0.017366946778711485,47759.10364145658,Dwarfhamster,D0,3,Dwarfhamster_D0_no dose,no dose,4.679056167216324
366,InterstitialMacrophages,0.014005602240896359,38515.406162464984,Dwarfhamster,D0,3,Dwarfhamster_D0_no dose,no dose,4.585634482054088
367,SmoothMuscle,0.011204481792717087,30812.32492997199,Dwarfhamster,D0,3,Dwarfhamster_D0_no dose,no dose,4.488724469046032
368,ILC2,0.009523809523809525,26190.476190476194,Dwarfhamster,D0,3,Dwarfhamster_D0_no dose,no dose,4.418143394760325
369,cDC,0.008403361344537815,23109.24369747899,Dwarfhamster,D0,3,Dwarfhamster_D0_no dose,no dose,4.363785732437732
370,AT1,0.005042016806722689,13865.546218487396,Dwarfhamster,D0,3,Dwarfhamster_D0_no dose,no dose,4.141936982821376
371,Platelets,0.004481792717086834,12324.929971988795,Dwarfhamster,D0,3,Dwarfhamster_D0_no dose,no dose,4.090784460373994
372,Ciliated,0.00392156862745098,10784.313725490196,Dwarfhamster,D0,3,Dwarfhamster_D0_no dose,no dose,4.032792513396307
373,Erythrocytes,0.00392156862745098,10784.313725490196,Dwarfhamster,D0,3,Dwarfhamster_D0_no dose,no dose,4.032792513396307
374,Fibroblasts,0.0033613445378151263,9243.697478991597,Dwarfhamster,D0,3,Dwarfhamster_D0_no dose,no dose,3.9658457237656943
375,Mast cells,0.0011204481792717086,3081.2324929971987,Dwarfhamster,D0,3,Dwarfhamster_D0_no dose,no dose,3.4887244690460317
376,pDC,0.0011204481792717086,3081.2324929971987,Dwarfhamster,D0,3,Dwarfhamster_D0_no dose,no dose,3.4887244690460317
377,Neutrophils,0.22137150466045272,630908.7882822902,Dwarfhamster,D2,1,Dwarfhamster_D2_low dose,low dose,5.799966576979484
378,Endothelial cells,0.17376830892143807,495239.6804260985,Dwarfhamster,D2,1,Dwarfhamster_D2_low dose,low dose,5.694815434678642
379,Bcells,0.14247669773635152,406058.58854860184,Dwarfhamster,D2,1,Dwarfhamster_D2_low dose,low dose,5.608588700689552
380,T cells,0.11651131824234354,332057.2569906791,Dwarfhamster,D2,1,Dwarfhamster_D2_low dose,low dose,5.521212976026655
381,Treml4+Macrophages,0.06724367509986684,191644.4740346205,Dwarfhamster,D2,1,Dwarfhamster_D2_low dose,low dose,5.282496301123003
382,AT2,0.05226364846870839,148951.3981358189,Dwarfhamster,D2,1,Dwarfhamster_D2_low dose,low dose,5.173044584085613
383,AlveolarMacrophages,0.044274300932090546,126181.75765645805,Dwarfhamster,D2,1,Dwarfhamster_D2_low dose,low dose,5.100996572643465
384,NK cells,0.03495339547270306,99617.17709720373,Dwarfhamster,D2,1,Dwarfhamster_D2_low dose,low dose,4.998334230746318
385,MonocyticMacrophages,0.03062583222370173,87283.62183754993,Dwarfhamster,D2,1,Dwarfhamster_D2_low dose,low dose,4.940932759021934
386,Myofibroblast,0.02030625832223702,57872.8362183755,Dwarfhamster,D2,1,Dwarfhamster_D2_low dose,low dose,4.762474766687147
387,InterstitialMacrophages,0.019640479360852198,55975.36617842876,Dwarfhamster,D2,1,Dwarfhamster_D2_low dose,low dose,4.747996943318523
388,AT1,0.013648468708388815,38898.13581890812,Dwarfhamster,D2,1,Dwarfhamster_D2_low dose,low dose,4.589928788396115
389,SmoothMuscle,0.011318242343541944,32256.990679094542,Dwarfhamster,D2,1,Dwarfhamster_D2_low dose,low dose,4.508623848718635
390,Mast cells,0.009653794940079893,27513.315579227696,Dwarfhamster,D2,1,Dwarfhamster_D2_low dose,low dose,4.439542929575335
391,Erythrocytes,0.008322237017310254,23718.375499334223,Dwarfhamster,D2,1,Dwarfhamster_D2_low dose,low dose,4.375084940348417
392,Plasma cells,0.007656458055925432,21820.905459387483,Dwarfhamster,D2,1,Dwarfhamster_D2_low dose,low dose,4.338872767693973
393,Platelets,0.007656458055925432,21820.905459387483,Dwarfhamster,D2,1,Dwarfhamster_D2_low dose,low dose,4.338872767693973
394,cDC,0.004993342210386152,14231.025299600533,Dwarfhamster,D2,1,Dwarfhamster_D2_low dose,low dose,4.153236190732061
395,pDC,0.004660452729693742,13282.290279627165,Dwarfhamster,D2,1,Dwarfhamster_D2_low dose,low dose,4.123272967354618
396,Ciliated,0.0036617842876165113,10436.085219707058,Dwarfhamster,D2,1,Dwarfhamster_D2_low dose,low dose,4.018537616834604
397,ILC2,0.003328894806924101,9487.350199733688,Dwarfhamster,D2,1,Dwarfhamster_D2_low dose,low dose,3.9771449316763796
398,Fibroblasts,0.0016644474034620505,4743.675099866844,Dwarfhamster,D2,1,Dwarfhamster_D2_low dose,low dose,3.6761149360123984
399,Bcells,0.2621951219512195,681707.3170731708,Dwarfhamster,D2,2,Dwarfhamster_D2_low dose,low dose,5.833597955502706
400,T cells,0.21747967479674796,565447.1544715447,Dwarfhamster,D2,2,Dwarfhamster_D2_low dose,low dose,5.752392022888667
401,Neutrophils,0.10894308943089431,283252.0325203252,Dwarfhamster,D2,2,Dwarfhamster_D2_low dose,low dose,5.452173034896227
402,Endothelial cells,0.10325203252032521,268455.2845528455,Dwarfhamster,D2,2,Dwarfhamster_D2_low dose,low dose,5.4288719574873765
403,Treml4+Macrophages,0.0951219512195122,247317.07317073172,Dwarfhamster,D2,2,Dwarfhamster_D2_low dose,low dose,5.393254098277581
404,NK cells,0.038211382113821135,99349.59349593495,Dwarfhamster,D2,2,Dwarfhamster_D2_low dose,low dose,4.997166094467137
405,AT2,0.03170731707317073,82439.02439024391,Dwarfhamster,D2,2,Dwarfhamster_D2_low dose,low dose,4.91613284355792
406,AlveolarMacrophages,0.03048780487804878,79268.29268292683,Dwarfhamster,D2,2,Dwarfhamster_D2_low dose,low dose,4.899099504259139
407,MonocyticMacrophages,0.025203252032520326,65528.455284552845,Dwarfhamster,D2,2,Dwarfhamster_D2_low dose,low dose,4.816429930365692
408,Mast cells,0.022764227642276424,59186.991869918704,Dwarfhamster,D2,2,Dwarfhamster_D2_low dose,low dose,4.77222626787364
409,InterstitialMacrophages,0.014634146341463415,38048.78048780488,Dwarfhamster,D2,2,Dwarfhamster_D2_low dose,low dose,4.580340741634726
410,Plasma cells,0.00894308943089431,23252.032520325203,Dwarfhamster,D2,2,Dwarfhamster_D2_low dose,low dose,4.3664609216896455
411,SmoothMuscle,0.006910569105691057,17967.47967479675,Dwarfhamster,D2,2,Dwarfhamster_D2_low dose,low dose,4.254487162245713
412,Myofibroblast,0.006097560975609756,15853.658536585366,Dwarfhamster,D2,2,Dwarfhamster_D2_low dose,low dose,4.20012949992312
413,Erythrocytes,0.004878048780487805,12682.926829268292,Dwarfhamster,D2,2,Dwarfhamster_D2_low dose,low dose,4.103219486915064
414,pDC,0.004878048780487805,12682.926829268292,Dwarfhamster,D2,2,Dwarfhamster_D2_low dose,low dose,4.103219486915064
415,cDC,0.004471544715447155,11626.016260162602,Dwarfhamster,D2,2,Dwarfhamster_D2_low dose,low dose,4.065430926025664
416,ILC2,0.004471544715447155,11626.016260162602,Dwarfhamster,D2,2,Dwarfhamster_D2_low dose,low dose,4.065430926025664
417,AT1,0.0040650406504065045,10569.105691056911,Dwarfhamster,D2,2,Dwarfhamster_D2_low dose,low dose,4.024038240867439
418,Platelets,0.0024390243902439024,6341.463414634146,Dwarfhamster,D2,2,Dwarfhamster_D2_low dose,low dose,3.8021894912510823
419,Ciliated,0.0016260162601626016,4227.642276422765,Dwarfhamster,D2,2,Dwarfhamster_D2_low dose,low dose,3.6260982321954014
420,Fibroblasts,0.0012195121951219512,3170.731707317073,Dwarfhamster,D2,2,Dwarfhamster_D2_low dose,low dose,3.501159495587101
421,Bcells,0.2255076594228714,572789.4549340934,Dwarfhamster,D2,3,Dwarfhamster_D2_low dose,low dose,5.757995014002854
422,T cells,0.19665122907018168,499494.12183826143,Dwarfhamster,D2,3,Dwarfhamster_D2_low dose,low dose,5.698530381714698
423,Endothelial cells,0.15603847524047026,396337.72711079445,Dwarfhamster,D2,3,Dwarfhamster_D2_low dose,low dose,5.598065414489598
424,Neutrophils,0.11970074812967581,304039.90024937654,Dwarfhamster,D2,3,Dwarfhamster_D2_low dose,low dose,5.482930581375343
425,NK cells,0.06697541859636623,170117.56323477023,Dwarfhamster,D2,3,Dwarfhamster_D2_low dose,low dose,5.230749153249179
426,Treml4+Macrophages,0.057712860705379405,146590.66619166368,Dwarfhamster,D2,3,Dwarfhamster_D2_low dose,low dose,5.16610631852813
427,AlveolarMacrophages,0.04096900605628785,104061.27538297114,Dwarfhamster,D2,3,Dwarfhamster_D2_low dose,low dose,5.01728914433911
428,AT2,0.026006412540078374,66056.28785179908,Dwarfhamster,D2,3,Dwarfhamster_D2_low dose,low dose,4.819914164105954
429,SmoothMuscle,0.018525115781973637,47053.794086213034,Dwarfhamster,D2,3,Dwarfhamster_D2_low dose,low dose,4.672594647620298
430,InterstitialMacrophages,0.01816886355539722,46148.91343070894,Dwarfhamster,D2,3,Dwarfhamster_D2_low dose,low dose,4.664161480083435
431,Mast cells,0.016387602422515142,41624.51015318846,Dwarfhamster,D2,3,Dwarfhamster_D2_low dose,low dose,4.619349135667073
432,MonocyticMacrophages,0.016387602422515142,41624.51015318846,Dwarfhamster,D2,3,Dwarfhamster_D2_low dose,low dose,4.619349135667073
433,Myofibroblast,0.011400071250445315,28956.1809761311,Dwarfhamster,D2,3,Dwarfhamster_D2_low dose,low dose,4.461741282305405
434,pDC,0.009618810117563235,24431.77769861062,Dwarfhamster,D2,3,Dwarfhamster_D2_low dose,low dose,4.387955068144486
435,Plasma cells,0.006056287851799074,15382.971143569646,Dwarfhamster,D2,3,Dwarfhamster_D2_low dose,low dose,4.187040225363773
436,ILC2,0.003918774492340577,9953.687210545066,Dwarfhamster,D2,3,Dwarfhamster_D2_low dose,low dose,3.997983989143724
437,cDC,0.0028500178126113287,7239.045244032775,Dwarfhamster,D2,3,Dwarfhamster_D2_low dose,low dose,3.8596812909774427
438,Erythrocytes,0.0024937655860349127,6334.164588528678,Dwarfhamster,D2,3,Dwarfhamster_D2_low dose,low dose,3.801689343999756
439,Fibroblasts,0.0014250089063056644,3619.5226220163877,Dwarfhamster,D2,3,Dwarfhamster_D2_low dose,low dose,3.5586512953134615
440,Ciliated,0.0014250089063056644,3619.5226220163877,Dwarfhamster,D2,3,Dwarfhamster_D2_low dose,low dose,3.5586512953134615
441,AT1,0.0010687566797292483,2714.6419665122908,Dwarfhamster,D2,3,Dwarfhamster_D2_low dose,low dose,3.4337125587051616
442,Platelets,0.0007125044531528322,1809.7613110081938,Dwarfhamster,D2,3,Dwarfhamster_D2_low dose,low dose,3.25762129964948
443,Bcells,0.3407861521817526,3731608.366390191,Dwarfhamster,D3,1,Dwarfhamster_D3_low dose,low dose,6.571896058107538
444,Endothelial cells,0.15290299314821493,1674287.7749729534,Dwarfhamster,D3,1,Dwarfhamster_D3_low dose,low dose,6.223830106191008
445,T cells,0.12188965019834115,1334691.6696718356,Dwarfhamster,D3,1,Dwarfhamster_D3_low dose,low dose,6.125380949875931
446,Neutrophils,0.08402452217814642,920068.5178507033,Dwarfhamster,D3,1,Dwarfhamster_D3_low dose,low dose,5.963820170624294
447,AT2,0.05878110349801659,643653.0833032817,Dwarfhamster,D3,1,Dwarfhamster_D3_low dose,low dose,5.808651854002234
448,MonocyticMacrophages,0.05589614136314461,612062.7479264335,Dwarfhamster,D3,1,Dwarfhamster_D3_low dose,low dose,5.786795947768567
449,Treml4+Macrophages,0.04543815362423368,497547.7821853588,Dwarfhamster,D3,1,Dwarfhamster_D3_low dose,low dose,5.696834794715838
450,NK cells,0.029570861882437793,323800.9376126938,Dwarfhamster,D3,1,Dwarfhamster_D3_low dose,low dose,5.510278101981992
451,AlveolarMacrophages,0.0288496213487198,315903.3537684818,Dwarfhamster,D3,1,Dwarfhamster_D3_low dose,low dose,5.499554236590219
452,Myofibroblast,0.01983411467724486,217183.55571583123,Dwarfhamster,D3,1,Dwarfhamster_D3_low dose,low dose,5.33682693909252
453,AT1,0.01694915254237288,185593.22033898305,Dwarfhamster,D3,1,Dwarfhamster_D3_low dose,low dose,5.268562107533993
454,SmoothMuscle,0.010818608005769925,118463.75766318067,Dwarfhamster,D3,1,Dwarfhamster_D3_low dose,low dose,5.073585504317938
455,InterstitialMacrophages,0.009736747205192933,106617.38189686261,Dwarfhamster,D3,1,Dwarfhamster_D3_low dose,low dose,5.027828013757262
456,Plasma cells,0.007573025604038947,82924.63036422647,Dwarfhamster,D3,1,Dwarfhamster_D3_low dose,low dose,4.918683544332195
457,cDC,0.006491164803461955,71078.25459790841,Dwarfhamster,D3,1,Dwarfhamster_D3_low dose,low dose,4.851736754701582
458,Fibroblasts,0.0025243418680129825,27641.543454742157,Dwarfhamster,D3,1,Dwarfhamster_D3_low dose,low dose,4.441562289612532
459,Erythrocytes,0.0018031013342949874,19743.959610530113,Dwarfhamster,D3,1,Dwarfhamster_D3_low dose,low dose,4.295434253934294
460,Ciliated,0.0018031013342949874,19743.959610530113,Dwarfhamster,D3,1,Dwarfhamster_D3_low dose,low dose,4.295434253934294
461,ILC2,0.0018031013342949874,19743.959610530113,Dwarfhamster,D3,1,Dwarfhamster_D3_low dose,low dose,4.295434253934294
462,pDC,0.00144248106743599,15795.16768842409,Dwarfhamster,D3,1,Dwarfhamster_D3_low dose,low dose,4.198524240926238
463,Mast cells,0.0010818608005769925,11846.375766318068,Dwarfhamster,D3,1,Dwarfhamster_D3_low dose,low dose,4.073585504317938
464,Endothelial cells,0.1855036855036855,1623157.2481572481,Dwarfhamster,D3,2,Dwarfhamster_D3_low dose,low dose,6.210360595426281
465,T cells,0.16953316953316952,1483415.2334152332,Dwarfhamster,D3,2,Dwarfhamster_D3_low dose,low dose,6.1712627345343485
466,Bcells,0.138001638001638,1207514.3325143326,Dwarfhamster,D3,2,Dwarfhamster_D3_low dose,low dose,6.081892294284788
467,Neutrophils,0.12162162162162163,1064189.1891891893,Dwarfhamster,D3,2,Dwarfhamster_D3_low dose,low dose,6.027018842730662
468,MonocyticMacrophages,0.08435708435708436,738124.4881244882,Dwarfhamster,D3,2,Dwarfhamster_D3_low dose,low dose,5.868129613782603
469,InterstitialMacrophages,0.06265356265356266,548218.6732186732,Dwarfhamster,D3,2,Dwarfhamster_D3_low dose,low dose,5.738953824231048
470,NK cells,0.04873054873054873,426392.3013923014,Dwarfhamster,D3,2,Dwarfhamster_D3_low dose,low dose,5.62980935480598
471,AT2,0.03480753480753481,304565.9295659296,Dwarfhamster,D3,2,Dwarfhamster_D3_low dose,low dose,5.483681319127743
472,Treml4+Macrophages,0.03153153153153153,275900.9009009009,Dwarfhamster,D3,2,Dwarfhamster_D3_low dose,low dose,5.440753118585931
473,AlveolarMacrophages,0.027436527436527438,240069.61506961507,Dwarfhamster,D3,2,Dwarfhamster_D3_low dose,low dose,5.380337196114276
474,Myofibroblast,0.020065520065520065,175573.30057330057,Dwarfhamster,D3,2,Dwarfhamster_D3_low dose,low dose,5.244458473441963
475,AT1,0.01760851760851761,154074.52907452907,Dwarfhamster,D3,2,Dwarfhamster_D3_low dose,low dose,5.187730848993036
476,cDC,0.014332514332514333,125409.50040950041,Dwarfhamster,D3,2,Dwarfhamster_D3_low dose,low dose,5.0983304377637255
477,pDC,0.012694512694512694,111076.98607698607,Dwarfhamster,D3,2,Dwarfhamster_D3_low dose,low dose,5.045624087247722
478,SmoothMuscle,0.0085995085995086,75245.70024570025,Dwarfhamster,D3,2,Dwarfhamster_D3_low dose,low dose,4.8764816881473685
479,Plasma cells,0.006552006552006552,57330.05733005733,Dwarfhamster,D3,2,Dwarfhamster_D3_low dose,low dose,4.758382376069374
480,Erythrocytes,0.0045045045045045045,39414.414414414416,Dwarfhamster,D3,2,Dwarfhamster_D3_low dose,low dose,4.595655078571674
481,Ciliated,0.0036855036855036856,32248.157248157248,Dwarfhamster,D3,2,Dwarfhamster_D3_low dose,low dose,4.508504902852774
482,Mast cells,0.003276003276003276,28665.028665028665,Dwarfhamster,D3,2,Dwarfhamster_D3_low dose,low dose,4.457352380405393
483,Fibroblasts,0.0028665028665028664,25081.90008190008,Dwarfhamster,D3,2,Dwarfhamster_D3_low dose,low dose,4.399360433427707
484,ILC2,0.001638001638001638,14332.514332514333,Dwarfhamster,D3,2,Dwarfhamster_D3_low dose,low dose,4.156322384741412
485,Endothelial cells,0.23496614894464357,1409796.8936678614,Dwarfhamster,D3,3,Dwarfhamster_D3_low dose,low dose,6.149156549312865
486,Bcells,0.20987654320987653,1259259.259259259,Dwarfhamster,D3,3,Dwarfhamster_D3_low dose,low dose,6.1001151528832676
487,T cells,0.13221823974512145,793309.4384707287,Dwarfhamster,D3,3,Dwarfhamster_D3_low dose,low dose,5.8994426213747575
488,Neutrophils,0.07885304659498207,473118.27956989245,Dwarfhamster,D3,3,Dwarfhamster_D3_low dose,low dose,5.674969727932252
489,AlveolarMacrophages,0.06013540422142573,360812.42532855435,Dwarfhamster,D3,3,Dwarfhamster_D3_low dose,low dose,5.557281484963891
490,AT2,0.054958183990442055,329749.10394265235,Dwarfhamster,D3,3,Dwarfhamster_D3_low dose,low dose,5.518183624071958
491,MonocyticMacrophages,0.04460374352847471,267622.4611708483,Dwarfhamster,D3,3,Dwarfhamster_D3_low dose,low dose,5.427522560340903
492,Treml4+Macrophages,0.04340900039824771,260454.00238948624,Dwarfhamster,D3,3,Dwarfhamster_D3_low dose,low dose,5.415731035611345
493,NK cells,0.0326563122262047,195937.8733572282,Dwarfhamster,D3,3,Dwarfhamster_D3_low dose,low dose,5.292118390054438
494,Myofibroblast,0.022700119474313024,136200.71684587814,Dwarfhamster,D3,3,Dwarfhamster_D3_low dose,low dose,5.134179393343213
495,AT1,0.01632815611310235,97968.9366786141,Dwarfhamster,D3,3,Dwarfhamster_D3_low dose,low dose,4.991088394390457
496,InterstitialMacrophages,0.012345679012345678,74074.07407407407,Dwarfhamster,D3,3,Dwarfhamster_D3_low dose,low dose,4.8696662315049934
497,Plasma cells,0.012345679012345678,74074.07407407407,Dwarfhamster,D3,3,Dwarfhamster_D3_low dose,low dose,4.8696662315049934
498,SmoothMuscle,0.012345679012345678,74074.07407407407,Dwarfhamster,D3,3,Dwarfhamster_D3_low dose,low dose,4.8696662315049934
499,cDC,0.008761449621664676,52568.69772998805,Dwarfhamster,D3,3,Dwarfhamster_D3_low dose,low dose,4.720727218492928
500,Erythrocytes,0.005177220230983672,31063.321385902032,Dwarfhamster,D3,3,Dwarfhamster_D3_low dose,low dose,4.492247889977558
501,Fibroblasts,0.0047789725209080045,28673.835125448026,Dwarfhamster,D3,3,Dwarfhamster_D3_low dose,low dose,4.457485783718346
502,Ciliated,0.00398247710075667,23894.862604540023,Dwarfhamster,D3,3,Dwarfhamster_D3_low dose,low dose,4.378304537670721
503,Mast cells,0.0035842293906810036,21505.37634408602,Dwarfhamster,D3,3,Dwarfhamster_D3_low dose,low dose,4.3325470471100465
504,pDC,0.0031859816806053365,19115.890083632017,Dwarfhamster,D3,3,Dwarfhamster_D3_low dose,low dose,4.281394524662665
505,ILC2,0.001991238550378335,11947.431302270012,Dwarfhamster,D3,3,Dwarfhamster_D3_low dose,low dose,4.07727454200674
506,Platelets,0.0007964954201513341,4778.972520908004,Dwarfhamster,D3,3,Dwarfhamster_D3_low dose,low dose,3.6793345333347025
507,Neutrophils,0.32719694338311917,1325147.6207016327,Dwarfhamster,D2,1,Dwarfhamster_D2_high dose,high dose,6.122264261129464
508,Endothelial cells,0.19868009725599167,804654.3938867663,Dwarfhamster,D2,1,Dwarfhamster_D2_high dose,high dose,5.905609387129611
509,Bcells,0.09517193469954846,385446.33553317125,Dwarfhamster,D2,1,Dwarfhamster_D2_high dose,high dose,5.585963921156974
510,InterstitialMacrophages,0.05661688086141021,229298.36748871134,Dwarfhamster,D2,1,Dwarfhamster_D2_high dose,high dose,5.3604009627405445
511,T cells,0.05244876693296283,212417.5060784995,Dwarfhamster,D2,1,Dwarfhamster_D2_high dose,high dose,5.327190305629756
512,NK cells,0.04445988190343869,180062.5217089267,Dwarfhamster,D2,1,Dwarfhamster_D2_high dose,high dose,5.255423327984455
513,AT2,0.04133379645710316,167401.8756512678,Dwarfhamster,D2,1,Dwarfhamster_D2_high dose,high dose,5.223760319729117
514,MonocyticMacrophages,0.03820771101076763,154741.2295936089,Dwarfhamster,D2,1,Dwarfhamster_D2_high dose,high dose,5.189606043494812
515,AlveolarMacrophages,0.03647099687391455,147707.53733935393,Dwarfhamster,D2,1,Dwarfhamster_D2_high dose,high dose,5.169402657406525
516,pDC,0.03265022577283779,132233.41437999305,Dwarfhamster,D2,1,Dwarfhamster_D2_high dose,high dose,5.1213412119362856
517,Treml4+Macrophages,0.02153525529697812,87217.78395276138,Dwarfhamster,D2,1,Dwarfhamster_D2_high dose,high dose,4.940605047834841
518,Plasma cells,0.012156998957971519,49235.84577978465,Dwarfhamster,D2,1,Dwarfhamster_D2_high dose,high dose,4.692281402686862
519,SmoothMuscle,0.011114970475859673,45015.63042723168,Dwarfhamster,D2,1,Dwarfhamster_D2_high dose,high dose,4.653363336656493
520,Myofibroblast,0.007641542202153525,30948.245918721776,Dwarfhamster,D2,1,Dwarfhamster_D2_high dose,high dose,4.490636039158793
521,cDC,0.0069468565474122956,28134.769017019797,Dwarfhamster,D2,1,Dwarfhamster_D2_high dose,high dose,4.449243354000568
522,Mast cells,0.0045154567558179926,18287.59986106287,Dwarfhamster,D2,1,Dwarfhamster_D2_high dose,high dose,4.262156710643423
523,ILC2,0.0034734282737061478,14067.384508509898,Dwarfhamster,D2,1,Dwarfhamster_D2_high dose,high dose,4.148213358336586
524,Erythrocytes,0.0027787426189649182,11253.90760680792,Dwarfhamster,D2,1,Dwarfhamster_D2_high dose,high dose,4.05130334532853
525,AT1,0.0024313997915943034,9847.169155956928,Dwarfhamster,D2,1,Dwarfhamster_D2_high dose,high dose,3.9933113983508433
526,Fibroblasts,0.0024313997915943034,9847.169155956928,Dwarfhamster,D2,1,Dwarfhamster_D2_high dose,high dose,3.9933113983508433
527,Ciliated,0.0017367141368530739,7033.692254254949,Dwarfhamster,D2,1,Dwarfhamster_D2_high dose,high dose,3.8471833626726055
528,Endothelial cells,0.2834067547723935,1098201.1747430249,Dwarfhamster,D2,2,Dwarfhamster_D2_high dose,high dose,6.040681903937318
529,Neutrophils,0.20961820851688692,812270.5580029368,Dwarfhamster,D2,2,Dwarfhamster_D2_high dose,high dose,5.90970071184743
530,T cells,0.08406754772393539,325761.74743024964,Dwarfhamster,D2,2,Dwarfhamster_D2_high dose,high dose,5.512900085941469
531,InterstitialMacrophages,0.0697503671071953,270282.6725403818,Dwarfhamster,D2,2,Dwarfhamster_D2_high dose,high dose,5.431818204554411
532,MonocyticMacrophages,0.06864904552129222,266015.05139500735,Dwarfhamster,D2,2,Dwarfhamster_D2_high dose,high dose,5.42490621013808
533,Treml4+Macrophages,0.06240822320117474,241831.86490455212,Dwarfhamster,D2,2,Dwarfhamster_D2_high dose,high dose,5.383513524979856
534,Bcells,0.04955947136563876,192042.9515418502,Dwarfhamster,D2,2,Dwarfhamster_D2_high dose,high dose,5.283398372096587
535,AT2,0.02826725403817915,109535.60939794421,Dwarfhamster,D2,2,Dwarfhamster_D2_high dose,high dose,5.039555328774063
536,AlveolarMacrophages,0.02826725403817915,109535.60939794421,Dwarfhamster,D2,2,Dwarfhamster_D2_high dose,high dose,5.039555328774063
537,NK cells,0.021292217327459617,82507.34214390602,Dwarfhamster,D2,2,Dwarfhamster_D2_high dose,high dose,4.916492597164519
538,pDC,0.02092511013215859,81084.80176211454,Dwarfhamster,D2,2,Dwarfhamster_D2_high dose,high dose,4.908939459274073
539,Myofibroblast,0.016519823788546256,64014.31718061674,Dwarfhamster,D2,2,Dwarfhamster_D2_high dose,high dose,4.806277117376926
540,SmoothMuscle,0.011013215859030838,42676.211453744494,Dwarfhamster,D2,2,Dwarfhamster_D2_high dose,high dose,4.630185858321244
541,Mast cells,0.010646108663729809,41253.67107195301,Dwarfhamster,D2,2,Dwarfhamster_D2_high dose,high dose,4.615462601500537
542,cDC,0.008443465491923641,32718.42878120411,Dwarfhamster,D2,2,Dwarfhamster_D2_high dose,high dose,4.514792439619175
543,Erythrocytes,0.007342143906020558,28450.80763582966,Dwarfhamster,D2,2,Dwarfhamster_D2_high dose,high dose,4.454094599265563
544,AT1,0.005506607929515419,21338.105726872247,Dwarfhamster,D2,2,Dwarfhamster_D2_high dose,high dose,4.329155862657263
545,Ciliated,0.005139500734214391,19915.565345080762,Dwarfhamster,D2,2,Dwarfhamster_D2_high dose,high dose,4.29919263927982
546,ILC2,0.004405286343612335,17070.4845814978,Dwarfhamster,D2,2,Dwarfhamster_D2_high dose,high dose,4.232245849649207
547,Plasma cells,0.004038179148311307,15647.944199706315,Dwarfhamster,D2,2,Dwarfhamster_D2_high dose,high dose,4.194457288759806
548,Platelets,0.0003671071953010279,1422.540381791483,Dwarfhamster,D2,2,Dwarfhamster_D2_high dose,high dose,3.1530646036015817
549,Fibroblasts,0.0003671071953010279,1422.540381791483,Dwarfhamster,D2,2,Dwarfhamster_D2_high dose,high dose,3.1530646036015817
550,Endothelial cells,0.3672852826931377,1478323.2628398794,Dwarfhamster,D2,3,Dwarfhamster_D2_high dose,high dose,6.1697694109985
551,Neutrophils,0.14069917997410444,566314.1993957704,Dwarfhamster,D2,3,Dwarfhamster_D2_high dose,high dose,5.753057450981851
552,T cells,0.06905481225722918,277945.61933534744,Dwarfhamster,D2,3,Dwarfhamster_D2_high dose,high dose,5.443959833569837
553,MonocyticMacrophages,0.05912818299525248,237990.93655589127,Dwarfhamster,D2,3,Dwarfhamster_D2_high dose,high dose,5.376560418070318
554,Bcells,0.0586965904186448,236253.77643504535,Dwarfhamster,D2,3,Dwarfhamster_D2_high dose,high dose,5.37337875928413
555,AT2,0.0487699611566681,196299.09365558912,Dwarfhamster,D2,3,Dwarfhamster_D2_high dose,high dose,5.292918294397332
556,InterstitialMacrophages,0.04790677600345274,192824.77341389732,Dwarfhamster,D2,3,Dwarfhamster_D2_high dose,high dose,5.285162829700569
557,Treml4+Macrophages,0.04272766508416055,171978.85196374625,Dwarfhamster,D2,3,Dwarfhamster_D2_high dose,high dose,5.235475045511461
558,NK cells,0.041001294777729826,165030.21148036257,Dwarfhamster,D2,3,Dwarfhamster_D2_high dose,high dose,5.217563456202759
559,AlveolarMacrophages,0.026758739749676307,107703.92749244715,Dwarfhamster,D2,3,Dwarfhamster_D2_high dose,high dose,5.032231540412166
560,Myofibroblast,0.01812688821752266,72960.72507552871,Dwarfhamster,D2,3,Dwarfhamster_D2_high dose,high dose,4.8630891413118125
561,SmoothMuscle,0.017695295640914977,71223.56495468279,Dwarfhamster,D2,3,Dwarfhamster_D2_high dose,high dose,4.852623707633647
562,pDC,0.015968925334484248,64274.924471299106,Dwarfhamster,D2,3,Dwarfhamster_D2_high dose,high dose,4.808041574980907
563,Plasma cells,0.011221406991799741,45166.163141993966,Dwarfhamster,D2,3,Dwarfhamster_D2_high dose,high dose,4.65481319888473
564,Mast cells,0.010358221838584376,41691.84290030212,Dwarfhamster,D2,3,Dwarfhamster_D2_high dose,high dose,4.620051092625518
565,AT1,0.006042296072507553,24320.241691842904,Dwarfhamster,D2,3,Dwarfhamster_D2_high dose,high dose,4.38596788659215
566,cDC,0.0056107034958998705,22583.081570996983,Dwarfhamster,D2,3,Dwarfhamster_D2_high dose,high dose,4.353783203220749
567,ILC2,0.005179110919292188,20845.92145015106,Dwarfhamster,D2,3,Dwarfhamster_D2_high dose,high dose,4.319021096961537
568,Erythrocytes,0.0034527406128614588,13897.280966767374,Dwarfhamster,D2,3,Dwarfhamster_D2_high dose,high dose,4.1429298379058555
569,Ciliated,0.0034527406128614588,13897.280966767374,Dwarfhamster,D2,3,Dwarfhamster_D2_high dose,high dose,4.1429298379058555
570,Fibroblasts,0.0008631851532153647,3474.3202416918434,Dwarfhamster,D2,3,Dwarfhamster_D2_high dose,high dose,3.540869846577893
571,Endothelial cells,0.21035386631716907,1020216.25163827,Dwarfhamster,D3,1,Dwarfhamster_D3_high dose,high dose,6.008692237388274
572,Bcells,0.182175622542595,883551.7693315857,Dwarfhamster,D3,1,Dwarfhamster_D3_high dose,high dose,5.946232000901478
573,Neutrophils,0.16775884665792923,813630.4062909568,Dwarfhamster,D3,1,Dwarfhamster_D3_high dose,high dose,5.910427170295252
574,T cells,0.07437745740498033,360730.6684141546,Dwarfhamster,D3,1,Dwarfhamster_D3_high dose,high dose,5.557183066512543
575,MonocyticMacrophages,0.06815203145478375,330537.3525557012,Dwarfhamster,D3,1,Dwarfhamster_D3_high dose,high dose,5.519220544282183
576,Myofibroblast,0.051769331585845346,251081.25819134992,Dwarfhamster,D3,1,Dwarfhamster_D3_high dose,high dose,5.399814296273844
577,NK cells,0.04259501965923984,206585.84534731324,Dwarfhamster,D3,1,Dwarfhamster_D3_high dose,high dose,5.315100561626258
578,InterstitialMacrophages,0.0389908256880734,189105.50458715597,Dwarfhamster,D3,1,Dwarfhamster_D3_high dose,high dose,5.276704170711952
579,SmoothMuscle,0.034403669724770644,166857.79816513762,Dwarfhamster,D3,1,Dwarfhamster_D3_high dose,high dose,5.222346508389359
580,AlveolarMacrophages,0.025557011795543906,123951.50720838795,Dwarfhamster,D3,1,Dwarfhamster_D3_high dose,high dose,5.0932518120099015
581,AT2,0.025557011795543906,123951.50720838795,Dwarfhamster,D3,1,Dwarfhamster_D3_high dose,high dose,5.0932518120099015
582,Treml4+Macrophages,0.022935779816513763,111238.53211009175,Dwarfhamster,D3,1,Dwarfhamster_D3_high dose,high dose,5.046255249333678
583,cDC,0.012123197903014417,58797.50982961992,Dwarfhamster,D3,1,Dwarfhamster_D3_high dose,high dose,4.769358933386416
584,pDC,0.010484927916120577,50851.9003931848,Dwarfhamster,D3,1,Dwarfhamster_D3_high dose,high dose,4.706307187639327
585,Fibroblasts,0.0081913499344692,39728.04718217562,Dwarfhamster,D3,1,Dwarfhamster_D3_high dose,high dose,4.599097217991458
586,Plasma cells,0.007536041939711665,36549.803407601576,Dwarfhamster,D3,1,Dwarfhamster_D3_high dose,high dose,4.562885045337014
587,ILC2,0.005242463958060288,25425.9501965924,Dwarfhamster,D3,1,Dwarfhamster_D3_high dose,high dose,4.405277191975346
588,Mast cells,0.0045871559633027525,22247.70642201835,Dwarfhamster,D3,1,Dwarfhamster_D3_high dose,high dose,4.347285244997659
589,Erythrocytes,0.0022935779816513763,11123.853211009175,Dwarfhamster,D3,1,Dwarfhamster_D3_high dose,high dose,4.046255249333678
590,AT1,0.0022935779816513763,11123.853211009175,Dwarfhamster,D3,1,Dwarfhamster_D3_high dose,high dose,4.046255249333678
591,Ciliated,0.00163826998689384,7945.609436435124,Dwarfhamster,D3,1,Dwarfhamster_D3_high dose,high dose,3.9001272136554395
592,Platelets,0.000982961992136304,4767.365661861074,Dwarfhamster,D3,1,Dwarfhamster_D3_high dose,high dose,3.6782784640390833
593,Neutrophils,0.3924006908462867,3472746.1139896372,Dwarfhamster,D3,2,Dwarfhamster_D3_high dose,high dose,6.54067303400937
594,Endothelial cells,0.15094991364421417,1335906.7357512955,Dwarfhamster,D3,2,Dwarfhamster_D3_high dose,high dose,6.125776139604793
595,Bcells,0.0773747841105354,684766.8393782383,Dwarfhamster,D3,2,Dwarfhamster_D3_high dose,high dose,5.835542720968533
596,MonocyticMacrophages,0.06666666666666667,590000.0,Dwarfhamster,D3,2,Dwarfhamster_D3_high dose,high dose,5.770852011642144
597,T cells,0.06528497409326425,577772.0207253887,Dwarfhamster,D3,2,Dwarfhamster_D3_high dose,high dose,5.761756506807615
598,InterstitialMacrophages,0.049740932642487044,440207.2538860103,Dwarfhamster,D3,2,Dwarfhamster_D3_high dose,high dose,5.64365719472962
599,NK cells,0.034887737478411056,308756.4766839378,Dwarfhamster,D3,2,Dwarfhamster_D3_high dose,high dose,5.489616076417013
600,AlveolarMacrophages,0.031088082901554404,275129.53367875644,Dwarfhamster,D3,2,Dwarfhamster_D3_high dose,high dose,5.439537212073695
601,Treml4+Macrophages,0.026597582037996545,235388.60103626942,Dwarfhamster,D3,2,Dwarfhamster_D3_high dose,high dose,5.371785427806852
602,SmoothMuscle,0.025561312607944732,226217.6165803109,Dwarfhamster,D3,2,Dwarfhamster_D3_high dose,high dose,5.354526422365347
603,Myofibroblast,0.017271157167530225,152849.74093264248,Dwarfhamster,D3,2,Dwarfhamster_D3_high dose,high dose,5.1842647069703895
604,Plasma cells,0.013471502590673576,119222.79792746114,Dwarfhamster,D3,2,Dwarfhamster_D3_high dose,high dose,5.0763593096608695
605,AT2,0.01070811744386874,94766.83937823835,Dwarfhamster,D3,2,Dwarfhamster_D3_high dose,high dose,4.976656396468643
606,cDC,0.008635578583765112,76424.87046632124,Dwarfhamster,D3,2,Dwarfhamster_D3_high dose,high dose,4.883234711306408
607,pDC,0.008635578583765112,76424.87046632124,Dwarfhamster,D3,2,Dwarfhamster_D3_high dose,high dose,4.883234711306408
608,Erythrocytes,0.008635578583765112,76424.87046632124,Dwarfhamster,D3,2,Dwarfhamster_D3_high dose,high dose,4.883234711306408
609,Mast cells,0.004490500863557859,39740.932642487045,Dwarfhamster,D3,2,Dwarfhamster_D3_high dose,high dose,4.599238054941207
610,ILC2,0.0034542314335060447,30569.948186528494,Dwarfhamster,D3,2,Dwarfhamster_D3_high dose,high dose,4.485294702634371
611,AT1,0.0017271157167530224,15284.974093264247,Dwarfhamster,D3,2,Dwarfhamster_D3_high dose,high dose,4.1842647069703895
612,Fibroblasts,0.0010362694300518134,9170.984455958549,Dwarfhamster,D3,2,Dwarfhamster_D3_high dose,high dose,3.962415957354033
613,Ciliated,0.0010362694300518134,9170.984455958549,Dwarfhamster,D3,2,Dwarfhamster_D3_high dose,high dose,3.962415957354033
614,Platelets,0.0003454231433506045,3056.9948186528495,Dwarfhamster,D3,2,Dwarfhamster_D3_high dose,high dose,3.4852947026343704
615,Bcells,0.26298208320680233,1748830.8533252354,Dwarfhamster,D3,3,Dwarfhamster_D3_high dose,high dose,6.242747806608543
616,Endothelial cells,0.14303067112055876,951153.9629517157,Dwarfhamster,D3,3,Dwarfhamster_D3_high dose,high dose,5.978250821720093
617,T cells,0.10841178256908594,720938.3540844215,Dwarfhamster,D3,3,Dwarfhamster_D3_high dose,high dose,5.85789813070339
618,NK cells,0.08563619799574856,569480.716671728,Dwarfhamster,D3,3,Dwarfhamster_D3_high dose,high dose,5.755479022910558
619,Treml4+Macrophages,0.06984512602490131,464470.08806559374,Dwarfhamster,D3,3,Dwarfhamster_D3_high dose,high dose,5.666957750608789
620,MonocyticMacrophages,0.06893410264196781,458411.78256908595,Dwarfhamster,D3,3,Dwarfhamster_D3_high dose,high dose,5.66125577178432
621,Neutrophils,0.06741573033707865,448314.606741573,Dwarfhamster,D3,3,Dwarfhamster_D3_high dose,high dose,5.651582889041835
622,AT2,0.047069541451563925,313012.4506529001,Dwarfhamster,D3,3,Dwarfhamster_D3_high dose,high dose,5.495561612761488
623,InterstitialMacrophages,0.029456422714849682,195885.2110537504,Dwarfhamster,D3,3,Dwarfhamster_D3_high dose,high dose,5.2920016488574415
624,AlveolarMacrophages,0.027330701488004858,181749.1648952323,Dwarfhamster,D3,3,Dwarfhamster_D3_high dose,high dose,5.2594724240305215
625,Plasma cells,0.022168235651381717,147418.76708168842,Dwarfhamster,D3,3,Dwarfhamster_D3_high dose,high dose,5.168552774711653
626,cDC,0.014880048587913756,98952.32310962648,Dwarfhamster,D3,3,Dwarfhamster_D3_high dose,high dose,4.99542599461971
627,SmoothMuscle,0.013665350744002429,90874.58244761615,Dwarfhamster,D3,3,Dwarfhamster_D3_high dose,high dose,4.95844242836654
628,Myofibroblast,0.010021257212268448,66641.36046158518,Dwarfhamster,D3,3,Dwarfhamster_D3_high dose,high dose,4.823743854469084
629,Mast cells,0.007591861524445794,50485.87913756453,Dwarfhamster,D3,3,Dwarfhamster_D3_high dose,high dose,4.703169923263235
630,pDC,0.007591861524445794,50485.87913756453,Dwarfhamster,D3,3,Dwarfhamster_D3_high dose,high dose,4.703169923263235
631,ILC2,0.005769814758578804,38369.268144549045,Dwarfhamster,D3,3,Dwarfhamster_D3_high dose,high dose,4.583983515544026
632,AT1,0.0039477679927118125,26252.657151533553,Dwarfhamster,D3,3,Dwarfhamster_D3_high dose,high dose,4.419173266898033
633,Ciliated,0.0021257212268448226,14136.04615851807,Dwarfhamster,D3,3,Dwarfhamster_D3_high dose,high dose,4.150327954605453
634,Erythrocytes,0.0018220467658669906,12116.610993015487,Dwarfhamster,D3,3,Dwarfhamster_D3_high dose,high dose,4.08338116497484
635,Fibroblasts,0.0003036744609778318,2019.4351655025814,Dwarfhamster,D3,3,Dwarfhamster_D3_high dose,high dose,3.3052299145911967
